mã_câu	chủ_đề_gốc	loại	kênh	có_truyện	trạng_thái_đánh_giá	hoàn_cảnh	năng_lực_được_hỗ_trợ	chuyển_động_suy_ngẫm	độ_sâu	độ_chắc_chắn
a_large_task_only_needs_one_first_square	adversity_resilience	selflo_original	biên_soạn	có	đã_đánh_giá_trong_đợt_1	quá_tải	quyền_tự_chủ	hành_động	2	cao
acceptance_is_not_giving_up	adversity_resilience	selflo_original	biên_soạn	không	đã_kiểm_chứng_trong_mẫu_88	hồi_phục	hiểu_mình	chấp_nhận_giới_hạn	2	cao
accepting_the_flood_reveals_the_road_still_open	adversity_resilience	selflo_original	biên_soạn	có	đã_đánh_giá_trong_đợt_1	thay_đổi	mở_rộng_góc_nhìn	chấp_nhận_giới_hạn	3	cao
attributed.epictetus.ench_01.control	adversity_resilience	adapted_wisdom	phát_hành	không	đã_kiểm_chứng_trong_mẫu_88	bất_định	trách_nhiệm	phân_biệt_kiểm_soát	3	cao
attributed.epictetus.ench_08.flow	adversity_resilience	adapted_wisdom	phát_hành	không	đã_đánh_giá_trong_đợt_1	bất_định	chịu_đựng_bất_định	chấp_nhận_giới_hạn	3	cao
attributed.epictetus.ench_10.use	adversity_resilience	adapted_wisdom	phát_hành	không	đã_đánh_giá_trong_đợt_1	thất_bại	quyền_tự_chủ	đổi_khung_nhìn	3	cao
attributed.laozi.chapter_23.storm_passes	adversity_resilience	adapted_wisdom	phát_hành	không	đã_đánh_giá_trong_đợt_1	tổn_thương_cảm_xúc	sức_bền	đổi_khung_nhìn	3	cao
attributed.laozi.chapter_58.fortune_misfortune	adversity_resilience	adapted_wisdom	phát_hành	có	đã_quy_đổi_từ_mẫu_36	bất_định	chịu_đựng_bất_định	giữ_hai_mặt	4	cao
attributed.ma.iii_05.stand_upright	adversity_resilience	adapted_wisdom	biên_soạn	không	đã_đánh_giá_trong_đợt_1	khủng_hoảng_bản_sắc	quyền_tự_chủ	làm_rõ_giá_trị	4	cao
attributed.ma.iii_12.no_one_hinders	adversity_resilience	adapted_wisdom	biên_soạn	không	đã_đánh_giá_trong_đợt_1	áp_lực_công_việc	quyền_tự_chủ	hành_động	1	thấp
attributed.ma.iv_08.not_worse	adversity_resilience	adapted_wisdom	biên_soạn	không	đã_đánh_giá_trong_đợt_1	thất_bại	làm_rõ_giá_trị	đặt_lại_giả_định	4	cao
attributed.ma.iv_49.brave_bearing	adversity_resilience	adapted_wisdom	phát_hành	không	đã_đánh_giá_trong_đợt_1	bất_định	sức_bền	đổi_khung_nhìn	3	cao
attributed.ma.iv_49.promontory	adversity_resilience	adapted_wisdom	phát_hành	không	đã_đánh_giá_trong_đợt_1	tổn_thương_cảm_xúc	điều_hòa_cảm_xúc	chậm_lại	3	cao
attributed.ma.v_20.obstruction_progress	adversity_resilience	adapted_wisdom	phát_hành	không	đã_đánh_giá_trong_đợt_1	thất_bại	quyền_tự_chủ	đổi_khung_nhìn	4	cao
attributed.paulo_coelho.the_alchemist.011	adversity_resilience	adapted_wisdom	biên_soạn	không	đã_đánh_giá_trong_đợt_1	bất_định	sức_bền	đổi_khung_nhìn	2	trung_bình
attributed.paulo_coelho.the_alchemist.023	adversity_resilience	adapted_wisdom	biên_soạn	không	đã_kiểm_chứng_trong_mẫu_88	thất_bại	mở_rộng_góc_nhìn	đổi_khung_nhìn	1	trung_bình
attributed.paulo_coelho.the_alchemist.031	adversity_resilience	adapted_wisdom	biên_soạn	không	đã_đánh_giá_trong_đợt_1	thất_bại	sức_bền	đổi_khung_nhìn	2	trung_bình
attributed.paulo_coelho.the_alchemist.067	adversity_resilience	adapted_wisdom	biên_soạn	không	đã_đánh_giá_trong_đợt_1	bất_định	quyền_tự_chủ	hành_động	2	trung_bình
attributed.paulo_coelho.the_alchemist.068	adversity_resilience	adapted_wisdom	biên_soạn	không	đã_đánh_giá_trong_đợt_1	mất_mát	mở_rộng_góc_nhìn	đổi_khung_nhìn	2	trung_bình
attributed.paulo_coelho.the_alchemist.075	adversity_resilience	adapted_wisdom	biên_soạn	không	đã_đánh_giá_trong_đợt_1	bất_định	sức_bền	nhận_ra	1	trung_bình
attributed.paulo_coelho.the_alchemist.076	adversity_resilience	adapted_wisdom	biên_soạn	không	đã_kiểm_chứng_trong_mẫu_88	bất_định	phán_đoán_độc_lập	nhận_ra	2	trung_bình
attributed.paulo_coelho.the_alchemist.080	adversity_resilience	adapted_wisdom	biên_soạn	không	đã_đánh_giá_trong_đợt_1	bất_định	sức_bền	nhận_ra	1	trung_bình
attributed.paulo_coelho.the_alchemist.081	adversity_resilience	adapted_wisdom	biên_soạn	không	đã_đánh_giá_trong_đợt_1	bất_định	trách_nhiệm	hành_động	3	cao
calling_mud_dry_changes_nothing	adversity_resilience	selflo_original	biên_soạn	không	đã_đánh_giá_trong_đợt_1	thất_bại	mở_rộng_góc_nhìn	nhận_ra	2	cao
control_layer_digest	adversity_resilience	selflo_original	biên_soạn	không	đã_đánh_giá_trong_đợt_1	quá_tải	phán_đoán_độc_lập	phân_biệt_kiểm_soát	2	cao
do_not_need_to_love_the_storm_to_love_the_journey	adversity_resilience	selflo_original	biên_soạn	có	đã_kiểm_chứng_trong_mẫu_88	hồi_phục	sức_bền	giữ_hai_mặt	3	cao
every_long_road_is_crossed_one_meter_at_a_time	adversity_resilience	selflo_original	biên_soạn	có	đã_quy_đổi_từ_mẫu_36	quá_tải	quyền_tự_chủ	hành_động	1	cao
knots_loosen_from_the_edge	adversity_resilience	selflo_original	biên_soạn	không	đã_đánh_giá_trong_đợt_1	quá_tải	mở_rộng_góc_nhìn	đổi_khung_nhìn	2	cao
map_does_not_lower_the_mountain	adversity_resilience	selflo_original	biên_soạn	không	đã_kiểm_chứng_trong_mẫu_88	quá_tải	phán_đoán_độc_lập	gọi_tên	2	cao
market_reopens_one_stall_at_a_time	adversity_resilience	selflo_original	biên_soạn	không	đã_đánh_giá_trong_đợt_1	hồi_phục	sức_bền	hành_động	2	cao
morning_after_storm_starts_small	adversity_resilience	selflo_original	biên_soạn	không	đã_đánh_giá_trong_đợt_1	hồi_phục	quyền_tự_chủ	hành_động	3	cao
muscle_recovers_during_rest	adversity_resilience	selflo_original	biên_soạn	không	đã_đánh_giá_trong_đợt_1	cạn_năng_lượng	điều_hòa_cảm_xúc	chấp_nhận_giới_hạn	2	trung_bình
new_light_enters_where_branch_broke	adversity_resilience	selflo_original	biên_soạn	có	đã_đánh_giá_trong_đợt_1	mất_mát	mở_rộng_góc_nhìn	đổi_khung_nhìn	3	cao
patched_cloth_finds_another_way_to_stay	adversity_resilience	selflo_original	biên_soạn	không	đã_kiểm_chứng_trong_mẫu_88	hồi_phục	sức_bền	đổi_khung_nhìn	3	cao
quote.roof_of_many_hands	adversity_resilience	adapted_wisdom	biên_soạn	có	đã_quy_đổi_từ_mẫu_36	hồi_phục	kết_nối	đổi_khung_nhìn	2	trung_bình
rain_stopped_before_ground_dried	adversity_resilience	selflo_original	biên_soạn	không	đã_đánh_giá_trong_đợt_1	hồi_phục	chịu_đựng_bất_định	nhận_ra	3	cao
road_dries_from_edge_inward	adversity_resilience	selflo_original	biên_soạn	không	đã_đánh_giá_trong_đợt_1	hồi_phục	sức_bền	chấp_nhận_giới_hạn	2	cao
roof_releases_the_storm_slowly	adversity_resilience	selflo_original	biên_soạn	có	đã_quy_đổi_từ_mẫu_36	hồi_phục	tự_cảm_thông	nhận_ra	3	cao
room_changes_with_one_lamp	adversity_resilience	selflo_original	biên_soạn	không	đã_đánh_giá_trong_đợt_1	quá_tải	quyền_tự_chủ	hành_động	2	cao
roots_check_themselves_after_storm	adversity_resilience	selflo_original	biên_soạn	không	đã_đánh_giá_trong_đợt_1	hồi_phục	hiểu_mình	chậm_lại	3	cao
small_flame_warms_a_small_room	adversity_resilience	selflo_original	biên_soạn	không	đã_kiểm_chứng_trong_mẫu_88	cạn_năng_lượng	biết_đủ	chấp_nhận_giới_hạn	2	trung_bình
stuck_door_opens_the_other_way	adversity_resilience	selflo_original	biên_soạn	không	đã_đánh_giá_trong_đợt_1	thất_bại	mở_rộng_góc_nhìn	đặt_lại_giả_định	2	cao
tear_lies_flat_under_the_needle	adversity_resilience	selflo_original	biên_soạn	không	đã_kiểm_chứng_trong_mẫu_88	tổn_thương_cảm_xúc	hiểu_mình	gọi_tên	3	trung_bình
wall_reveals_the_way_around	adversity_resilience	selflo_original	biên_soạn	không	đã_đánh_giá_trong_đợt_1	thất_bại	mở_rộng_góc_nhìn	chấp_nhận_giới_hạn	3	cao
window_fogs_before_clearing	adversity_resilience	selflo_original	biên_soạn	không	đã_đánh_giá_trong_đợt_1	bất_định	chịu_đựng_bất_định	đổi_khung_nhìn	2	cao
wounds_can_become_structure	adversity_resilience	selflo_original	biên_soạn	không	đã_kiểm_chứng_trong_mẫu_88	hồi_phục	sức_bền	đổi_khung_nhìn	2	cao
a_pause_keeps_the_first_reaction_from_becoming_the_only_choice	attention	selflo_original	biên_soạn	có	đã_kiểm_chứng_trong_mẫu_88	xao_lãng	quyền_tự_chủ	chậm_lại	4	cao
attributed.dhammapada.verse_035.tamed_mind	attention	adapted_wisdom	biên_soạn	không	đã_đánh_giá_trong_đợt_2	xao_lãng	sự_hiện_diện	chậm_lại	3	cao
attributed.epictetus.ench_04.prepare	attention	adapted_wisdom	biên_soạn	không	đã_đánh_giá_trong_đợt_2	áp_lực_công_việc	trách_nhiệm	chậm_lại	3	cao
attributed.epictetus.ench_20.delay	attention	adapted_wisdom	phát_hành	không	đã_đánh_giá_trong_đợt_2	tổn_thương_cảm_xúc	điều_hòa_cảm_xúc	chậm_lại	4	cao
attributed.ma.ii_07.unsettled_aim	attention	adapted_wisdom	phát_hành	không	đã_kiểm_chứng_trong_mẫu_88	quá_tải	làm_rõ_giá_trị	làm_rõ_giá_trị	3	cao
attributed.ma.ii_14.past_future	attention	adapted_wisdom	biên_soạn	không	đã_đánh_giá_trong_đợt_2	bất_định	sự_hiện_diện	đặt_lại_giả_định	3	cao
attributed.ma.iii_04.others_affairs	attention	adapted_wisdom	biên_soạn	không	đã_đánh_giá_trong_đợt_2	xao_lãng	làm_rõ_giá_trị	lựa_chọn	4	cao
attributed.ma.iii_10.present_moment	attention	adapted_wisdom	phát_hành	không	đã_quy_đổi_từ_mẫu_36	xao_lãng	sự_hiện_diện	nhận_ra	2	cao
attributed.ma.iv_18.own_actions	attention	adapted_wisdom	biên_soạn	không	đã_quy_đổi_từ_mẫu_36	so_sánh	trách_nhiệm	phân_biệt_kiểm_soát	2	cao
attributed.ma.v_16.mind_colour	attention	adapted_wisdom	biên_soạn	không	đã_đánh_giá_trong_đợt_2	xao_lãng	sự_hiện_diện	nhận_ra	3	cao
attributed.ma.vi_03.look_within	attention	adapted_wisdom	biên_soạn	không	đã_kiểm_chứng_trong_mẫu_88	xao_lãng	hiểu_mình	nhận_ra	2	trung_bình
attributed.ma.vii_08.future_reason	attention	adapted_wisdom	phát_hành	không	đã_kiểm_chứng_trong_mẫu_88	bất_định	chịu_đựng_bất_định	chấp_nhận_giới_hạn	3	cao
attributed.ma.viii_36.present_bounds	attention	adapted_wisdom	biên_soạn	không	đã_đánh_giá_trong_đợt_2	quá_tải	sự_hiện_diện	chấp_nhận_giới_hạn	4	cao
attributed.paulo_coelho.the_alchemist.006	attention	adapted_wisdom	biên_soạn	không	đã_đánh_giá_trong_đợt_2	không_gắn_hoàn_cảnh_cụ_thể	mở_rộng_góc_nhìn	đặt_lại_giả_định	3	cao
attributed.paulo_coelho.the_alchemist.009	attention	adapted_wisdom	biên_soạn	không	đã_đánh_giá_trong_đợt_2	không_gắn_hoàn_cảnh_cụ_thể	sự_hiện_diện	chậm_lại	2	trung_bình
attributed.paulo_coelho.the_alchemist.018	attention	adapted_wisdom	biên_soạn	không	đã_đánh_giá_trong_đợt_2	xao_lãng	sự_hiện_diện	nhận_ra	2	trung_bình
attributed.paulo_coelho.the_alchemist.024	attention	adapted_wisdom	biên_soạn	không	đã_đánh_giá_trong_đợt_2	không_gắn_hoàn_cảnh_cụ_thể	sự_hiện_diện	chậm_lại	3	cao
attributed.paulo_coelho.the_alchemist.029	attention	adapted_wisdom	biên_soạn	không	đã_đánh_giá_trong_đợt_2	quá_tải	sự_hiện_diện	chậm_lại	2	trung_bình
attributed.paulo_coelho.the_alchemist.032	attention	adapted_wisdom	biên_soạn	không	đã_quy_đổi_từ_mẫu_36	không_gắn_hoàn_cảnh_cụ_thể	mở_rộng_góc_nhìn	đặt_lại_giả_định	2	trung_bình
attributed.paulo_coelho.the_alchemist.041	attention	adapted_wisdom	biên_soạn	không	đã_đánh_giá_trong_đợt_2	so_sánh	sự_hiện_diện	nhận_ra	2	trung_bình
attributed.paulo_coelho.the_alchemist.045	attention	adapted_wisdom	biên_soạn	không	đã_đánh_giá_trong_đợt_2	không_gắn_hoàn_cảnh_cụ_thể	hiểu_mình	nhận_ra	3	thấp
attributed.paulo_coelho.the_alchemist.056	attention	adapted_wisdom	biên_soạn	không	đã_đánh_giá_trong_đợt_2	do_dự	sự_hiện_diện	nhận_ra	2	thấp
attributed.paulo_coelho.the_alchemist.058	attention	adapted_wisdom	biên_soạn	không	đã_kiểm_chứng_trong_mẫu_88	chưa_xác_định	mở_rộng_góc_nhìn	nhận_ra	2	thấp
attributed.paulo_coelho.the_alchemist.062	attention	adapted_wisdom	biên_soạn	không	đã_đánh_giá_trong_đợt_2	không_gắn_hoàn_cảnh_cụ_thể	sự_hiện_diện	kết_nối_lại	2	thấp
attributed.paulo_coelho.the_alchemist.069	attention	adapted_wisdom	biên_soạn	không	đã_đánh_giá_trong_đợt_2	xao_lãng	sự_hiện_diện	nhận_ra	2	trung_bình
attributed.paulo_coelho.the_alchemist.074	attention	adapted_wisdom	biên_soạn	không	đã_kiểm_chứng_trong_mẫu_88	xao_lãng	sự_hiện_diện	nhận_ra	2	cao
attributed.seneca.letter_01.postponing	attention	adapted_wisdom	phát_hành	không	đã_đánh_giá_trong_đợt_2	do_dự	quyền_tự_chủ	hành_động	2	cao
attributed.seneca.letter_02.nowhere	attention	adapted_wisdom	phát_hành	không	đã_đánh_giá_trong_đợt_2	xao_lãng	sự_hiện_diện	chậm_lại	3	cao
blinking_cursor_does_not_write_first_line	attention	selflo_original	biên_soạn	không	đã_đánh_giá_trong_đợt_2	do_dự	quyền_tự_chủ	hành_động	1	cao
brain_system_digest	attention	selflo_original	biên_soạn	không	đã_đánh_giá_trong_đợt_2	tổn_thương_cảm_xúc	nhận_biết_cảm_xúc	nhận_ra	2	trung_bình
clock_does_not_hurry_when_watched	attention	selflo_original	biên_soạn	không	đã_đánh_giá_trong_đợt_2	bất_định	chịu_đựng_bất_định	chấp_nhận_giới_hạn	2	cao
continuous_looking_only_tires_eyes	attention	selflo_original	biên_soạn	không	đã_đánh_giá_trong_đợt_2	cạn_năng_lượng	sự_hiện_diện	chấp_nhận_giới_hạn	2	cao
do_not_go_to_work_twice	attention	selflo_original	biên_soạn	có	đã_đánh_giá_trong_đợt_2	áp_lực_công_việc	điều_hòa_cảm_xúc	buông	3	cao
eyes_memorize_the_unopened_page	attention	selflo_original	biên_soạn	không	đã_đánh_giá_trong_đợt_2	xao_lãng	sự_hiện_diện	nhận_ra	2	cao
maps_hide_the_nearby_door	attention	selflo_original	biên_soạn	không	đã_đánh_giá_trong_đợt_2	quá_tải	phán_đoán_độc_lập	chậm_lại	3	cao
needle_reopens_the_same_hole	attention	selflo_original	biên_soạn	không	đã_đánh_giá_trong_đợt_2	tổn_thương_cảm_xúc	điều_hòa_cảm_xúc	buông	2	trung_bình
ninety_nine_percent_is_not_finished	attention	selflo_original	biên_soạn	không	đã_kiểm_chứng_trong_mẫu_88	áp_lực_công_việc	trách_nhiệm	gọi_tên	1	trung_bình
pause_is_an_action	attention	selflo_original	biên_soạn	không	đã_đánh_giá_trong_đợt_2	do_dự	phán_đoán_độc_lập	chậm_lại	4	cao
peace_does_not_require_a_silent_room	attention	selflo_original	biên_soạn	có	đã_đánh_giá_trong_đợt_2	xao_lãng	sự_hiện_diện	làm_rõ_giá_trị	3	cao
pinned_tab_is_not_completed_work	attention	selflo_original	biên_soạn	không	đã_đánh_giá_trong_đợt_2	áp_lực_công_việc	trách_nhiệm	hành_động	1	cao
pot_cools_between_lid_checks	attention	selflo_original	biên_soạn	không	đã_đánh_giá_trong_đợt_2	bất_định	chịu_đựng_bất_định	buông	2	cao
rain_waits_beneath_city_noise	attention	selflo_original	biên_soạn	không	đã_đánh_giá_trong_đợt_2	xao_lãng	sự_hiện_diện	chậm_lại	3	cao
red_light_reveals_the_trees	attention	selflo_original	biên_soạn	không	đã_kiểm_chứng_trong_mẫu_88	xao_lãng	sự_hiện_diện	chậm_lại	3	cao
return_to_what_is_here	attention	selflo_original	biên_soạn	không	đã_kiểm_chứng_trong_mẫu_88	quá_tải	sự_hiện_diện	nhận_ra	2	cao
roots_hold_when_wind_changes	attention	selflo_original	biên_soạn	không	đã_kiểm_chứng_trong_mẫu_88	bất_định	sức_bền	đổi_khung_nhìn	2	trung_bình
shadow_changes_beneath_the_walker	attention	selflo_original	biên_soạn	không	đã_kiểm_chứng_trong_mẫu_88	xao_lãng	sự_hiện_diện	nhận_ra	3	trung_bình
space_between_stimulus_and_response	attention	selflo_original	biên_soạn	không	đã_kiểm_chứng_trong_mẫu_88	tổn_thương_cảm_xúc	quyền_tự_chủ	chậm_lại	4	cao
sunlight_crosses_the_floor	attention	selflo_original	biên_soạn	không	đã_đánh_giá_trong_đợt_2	xao_lãng	sự_hiện_diện	nhận_ra	2	cao
tea_turns_bitter_when_oversteeped	attention	selflo_original	biên_soạn	không	đã_kiểm_chứng_trong_mẫu_88	cạn_năng_lượng	biết_đủ	chấp_nhận_giới_hạn	2	trung_bình
tea_waits_beside_the_screen	attention	selflo_original	biên_soạn	có	đã_quy_đổi_từ_mẫu_36	xao_lãng	sự_hiện_diện	chậm_lại	3	cao
ten_notifications_are_not_ten_priorities	attention	selflo_original	biên_soạn	không	đã_đánh_giá_trong_đợt_2	quá_tải	phán_đoán_độc_lập	lựa_chọn	3	cao
thought_layer_digest	attention	selflo_original	biên_soạn	không	đã_đánh_giá_trong_đợt_2	mâu_thuẫn_quan_hệ	mở_rộng_góc_nhìn	đặt_lại_giả_định	2	trung_bình
tomorrow_may_bring_waves_tonight_return_to_breath	attention	selflo_original	biên_soạn	có	đã_đánh_giá_trong_đợt_2	bất_định	sự_hiện_diện	chậm_lại	3	cao
tomorrows_stone_does_not_get_lighter_overnight	attention	selflo_original	biên_soạn	có	đã_đánh_giá_trong_đợt_2	bất_định	điều_hòa_cảm_xúc	buông	3	cao
too_many_tabs_slow_the_important_one	attention	selflo_original	biên_soạn	không	đã_đánh_giá_trong_đợt_2	quá_tải	phán_đoán_độc_lập	lựa_chọn	2	cao
waves_arrive_and_leave	attention	selflo_original	biên_soạn	không	đã_đánh_giá_trong_đợt_2	tổn_thương_cảm_xúc	điều_hòa_cảm_xúc	chấp_nhận_giới_hạn	2	cao
accepting_change_without_losing_self	change_growth	selflo_original	biên_soạn	không	đã_kiểm_chứng_trong_mẫu_88	thay_đổi	hiểu_mình	đổi_khung_nhìn	2	cao
attributed.confucius.book_i_ch08.faults	change_growth	adapted_wisdom	phát_hành	không	đã_đánh_giá_trong_đợt_6	thất_bại	trách_nhiệm	hành_động	3	cao
attributed.dhammapada.verse_080.fashion_self	change_growth	adapted_wisdom	biên_soạn	không	đã_đánh_giá_trong_đợt_6	thay_đổi	quyền_tự_chủ	hành_động	3	cao
attributed.epictetus.ench_12.small	change_growth	adapted_wisdom	phát_hành	không	đã_đánh_giá_trong_đợt_6	quá_tải	quyền_tự_chủ	hành_động	2	cao
attributed.laozi.chapter_22.complete	change_growth	adapted_wisdom	phát_hành	không	đã_đánh_giá_trong_đợt_6	thay_đổi	mở_rộng_góc_nhìn	giữ_hai_mặt	3	trung_bình
attributed.laozi.chapter_64.first_step	change_growth	adapted_wisdom	phát_hành	không	đã_đánh_giá_trong_đợt_6	quá_tải	quyền_tự_chủ	hành_động	3	cao
attributed.ma.iii_02.cracked_loaf	change_growth	adapted_wisdom	phát_hành	không	đã_đánh_giá_trong_đợt_6	thất_bại	mở_rộng_góc_nhìn	đổi_khung_nhìn	4	cao
attributed.ma.iv_03.change_and_thought	change_growth	adapted_wisdom	biên_soạn	không	đã_đánh_giá_trong_đợt_6	thay_đổi	mở_rộng_góc_nhìn	đặt_lại_giả_định	3	cao
attributed.ma.iv_12.change_course	change_growth	adapted_wisdom	biên_soạn	không	đã_đánh_giá_trong_đợt_6	thay_đổi	phán_đoán_độc_lập	đặt_lại_giả_định	4	cao
attributed.ma.iv_36.nature_change	change_growth	adapted_wisdom	biên_soạn	không	đã_kiểm_chứng_trong_mẫu_88	thay_đổi	chịu_đựng_bất_định	nhận_ra	2	cao
attributed.ma.vi_21.truth_change	change_growth	adapted_wisdom	phát_hành	không	đã_đánh_giá_trong_đợt_6	thất_bại	phán_đoán_độc_lập	đặt_lại_giả_định	4	cao
attributed.ma.vii_02.renew_life	change_growth	adapted_wisdom	biên_soạn	không	đã_đánh_giá_trong_đợt_6	thay_đổi	mở_rộng_góc_nhìn	đổi_khung_nhìn	3	cao
attributed.paulo_coelho.the_alchemist.019	change_growth	adapted_wisdom	biên_soạn	không	đã_đánh_giá_trong_đợt_6	thất_bại	mở_rộng_góc_nhìn	đổi_khung_nhìn	3	cao
attributed.paulo_coelho.the_alchemist.021	change_growth	adapted_wisdom	biên_soạn	không	đã_đánh_giá_trong_đợt_6	định_hướng_công_việc	hiểu_mình	gọi_tên	2	thấp
attributed.paulo_coelho.the_alchemist.022	change_growth	adapted_wisdom	biên_soạn	không	đã_đánh_giá_trong_đợt_6	định_hướng_công_việc	phán_đoán_độc_lập	chấp_nhận_giới_hạn	3	cao
attributed.paulo_coelho.the_alchemist.028	change_growth	adapted_wisdom	biên_soạn	không	đã_đánh_giá_trong_đợt_6	định_hướng_công_việc	trách_nhiệm	hành_động	2	trung_bình
attributed.paulo_coelho.the_alchemist.044	change_growth	adapted_wisdom	biên_soạn	không	đã_quy_đổi_từ_mẫu_36	xao_lãng	hiểu_mình	đặt_lại_giả_định	3	trung_bình
attributed.paulo_coelho.the_alchemist.055	change_growth	adapted_wisdom	biên_soạn	không	đã_đánh_giá_trong_đợt_6	bất_định	phán_đoán_độc_lập	đặt_lại_giả_định	1	thấp
attributed.paulo_coelho.the_alchemist.063	change_growth	adapted_wisdom	biên_soạn	không	đã_đánh_giá_trong_đợt_6	định_hướng_công_việc	làm_rõ_giá_trị	lựa_chọn	2	trung_bình
attributed.paulo_coelho.the_alchemist.082	change_growth	adapted_wisdom	biên_soạn	không	đã_kiểm_chứng_trong_mẫu_88	mất_mát	chưa_xác_định	buông	1	thấp
attributed.zhuangzi.chapter_20.change_with_time	change_growth	adapted_wisdom	phát_hành	có	đã_quy_đổi_từ_mẫu_36	thay_đổi	phán_đoán_độc_lập	buông	3	cao
avoidance_loop_digest	change_growth	selflo_original	biên_soạn	không	đã_kiểm_chứng_trong_mẫu_88	chưa_xác_định	hiểu_mình	nhận_ra	2	trung_bình
behavior_layer_digest	change_growth	selflo_original	biên_soạn	không	đã_đánh_giá_trong_đợt_6	thay_đổi	hiểu_mình	nhận_ra	3	cao
burn_mark_maps_the_flame	change_growth	selflo_original	biên_soạn	không	đã_đánh_giá_trong_đợt_6	thất_bại	trách_nhiệm	đổi_khung_nhìn	3	cao
coffee_guides_the_hand_to_one_cup	change_growth	selflo_original	biên_soạn	không	đã_kiểm_chứng_trong_mẫu_88	chưa_xác_định	hiểu_mình	nhận_ra	2	thấp
crooked_pot_shows_the_heavy_hand	change_growth	selflo_original	biên_soạn	không	đã_kiểm_chứng_trong_mẫu_88	thất_bại	hiểu_mình	nhận_ra	3	cao
curtain_opens_with_the_alarm	change_growth	selflo_original	biên_soạn	không	đã_đánh_giá_trong_đợt_6	thay_đổi	hiểu_mình	nhận_ra	2	cao
eraser_shrinks_as_letters_straighten	change_growth	selflo_original	biên_soạn	có	đã_kiểm_chứng_trong_mẫu_88	thay_đổi	sức_bền	đổi_khung_nhìn	2	cao
freedom_begins_when_one_path_is_not_the_only_path	change_growth	selflo_original	biên_soạn	có	đã_đánh_giá_trong_đợt_6	thay_đổi	quyền_tự_chủ	đặt_lại_giả_định	4	cao
growth_layer_digest	change_growth	selflo_original	biên_soạn	có	đã_đánh_giá_trong_đợt_6	thay_đổi	mở_rộng_góc_nhìn	nhận_ra	2	trung_bình
habit_arrives_without_knocking	change_growth	selflo_original	biên_soạn	không	đã_đánh_giá_trong_đợt_6	thay_đổi	hiểu_mình	nhận_ra	2	cao
habit_is_a_path_worn_by_feet	change_growth	selflo_original	biên_soạn	không	đã_đánh_giá_trong_đợt_6	thay_đổi	hiểu_mình	nhận_ra	3	cao
hand_finds_the_key_tray	change_growth	selflo_original	biên_soạn	không	đã_đánh_giá_trong_đợt_6	thay_đổi	hiểu_mình	nhận_ra	2	cao
pillow_hollows_across_many_nights	change_growth	selflo_original	biên_soạn	không	đã_đánh_giá_trong_đợt_6	thay_đổi	sức_bền	chấp_nhận_giới_hạn	2	cao
progress_can_be_quiet	change_growth	selflo_original	biên_soạn	không	đã_đánh_giá_trong_đợt_6	thay_đổi	hiểu_mình	nhận_ra	3	cao
quote.baker_and_black_mark	change_growth	adapted_wisdom	biên_soạn	có	đã_đánh_giá_trong_đợt_6	thất_bại	trách_nhiệm	nhận_ra	4	cao
quote.boatman_and_second_mountain	change_growth	adapted_wisdom	biên_soạn	có	đã_quy_đổi_từ_mẫu_36	do_dự	quyền_tự_chủ	lựa_chọn	3	trung_bình
repeated_story_may_be_unfinished	change_growth	selflo_original	biên_soạn	không	đã_kiểm_chứng_trong_mẫu_88	tổn_thương_cảm_xúc	hiểu_mình	gọi_tên	3	cao
restitching_teaches_the_hand	change_growth	selflo_original	biên_soạn	có	đã_đánh_giá_trong_đợt_6	thất_bại	trách_nhiệm	hành_động	3	cao
row_today_build_one_piece_of_tomorrows_raft	change_growth	selflo_original	biên_soạn	có	đã_kiểm_chứng_trong_mẫu_88	do_dự	quyền_tự_chủ	hành_động	4	cao
seed_grows_out_of_sight	change_growth	selflo_original	biên_soạn	có	đã_quy_đổi_từ_mẫu_36	thay_đổi	sức_bền	đổi_khung_nhìn	2	cao
unanswered_alarm_teaches_ears_not_to_hear	change_growth	selflo_original	biên_soạn	không	đã_đánh_giá_trong_đợt_6	thay_đổi	trách_nhiệm	nhận_ra	3	cao
worn_carpet_marks_a_familiar_path	change_growth	selflo_original	biên_soạn	không	đã_kiểm_chứng_trong_mẫu_88	thay_đổi	hiểu_mình	nhận_ra	3	cao
worn_step_remembers_many_feet	change_growth	selflo_original	biên_soạn	không	đã_đánh_giá_trong_đợt_6	thay_đổi	mở_rộng_góc_nhìn	nhận_ra	2	trung_bình
wrong_turn_stays_on_the_map	change_growth	selflo_original	biên_soạn	không	đã_đánh_giá_trong_đợt_6	thất_bại	mở_rộng_góc_nhìn	đổi_khung_nhìn	3	cao
an_old_scent_can_open_an_old_room	emotion	selflo_original	biên_soạn	có	đã_kiểm_chứng_trong_mẫu_88	tổn_thương_cảm_xúc	quyền_tự_chủ	nhận_ra	4	cao
anxiety_loop_digest	emotion	selflo_original	biên_soạn	không	đã_đánh_giá_trong_đợt_3	bất_định	nhận_biết_cảm_xúc	nhận_ra	3	cao
attributed.epictetus.ench_05.opinion	emotion	adapted_wisdom	phát_hành	có	đã_quy_đổi_từ_mẫu_36	tổn_thương_cảm_xúc	nhận_biết_cảm_xúc	đổi_khung_nhìn	3	cao
attributed.ma.iv_07.suppress_injury	emotion	adapted_wisdom	biên_soạn	không	đã_đánh_giá_trong_đợt_3	tổn_thương_cảm_xúc	điều_hòa_cảm_xúc	buông	3	trung_bình
attributed.ma.viii_47.judgment_afflicts	emotion	adapted_wisdom	phát_hành	không	đã_đánh_giá_trong_đợt_3	tổn_thương_cảm_xúc	điều_hòa_cảm_xúc	đặt_lại_giả_định	4	cao
attributed.paulo_coelho.the_alchemist.020	emotion	adapted_wisdom	biên_soạn	không	đã_quy_đổi_từ_mẫu_36	tổn_thương_cảm_xúc	điều_hòa_cảm_xúc	chưa_xác_định	1	thấp
attributed.paulo_coelho.the_alchemist.030	emotion	adapted_wisdom	biên_soạn	không	đã_kiểm_chứng_trong_mẫu_88	tổn_thương_cảm_xúc	mở_rộng_góc_nhìn	đặt_lại_giả_định	2	trung_bình
attributed.paulo_coelho.the_alchemist.066	emotion	adapted_wisdom	biên_soạn	không	đã_đánh_giá_trong_đợt_3	bất_định	chịu_đựng_bất_định	buông	2	thấp
attributed.seneca.letter_13.imagination	emotion	adapted_wisdom	phát_hành	không	đã_đánh_giá_trong_đợt_3	bất_định	điều_hòa_cảm_xúc	đặt_lại_giả_định	3	cao
coffee_returns_a_distant_morning	emotion	selflo_original	biên_soạn	không	đã_đánh_giá_trong_đợt_3	mất_mát	nhận_biết_cảm_xúc	kết_nối_lại	2	trung_bình
curtain_keeps_the_old_smoke	emotion	selflo_original	biên_soạn	không	đã_đánh_giá_trong_đợt_3	tổn_thương_cảm_xúc	nhận_biết_cảm_xúc	nhận_ra	3	cao
feeling_is_signal_not_command	emotion	selflo_original	biên_soạn	không	đã_kiểm_chứng_trong_mẫu_88	tổn_thương_cảm_xúc	quyền_tự_chủ	phân_biệt_kiểm_soát	4	cao
light_gives_the_room_a_shape	emotion	selflo_original	biên_soạn	không	đã_đánh_giá_trong_đợt_3	tổn_thương_cảm_xúc	nhận_biết_cảm_xúc	gọi_tên	3	cao
memory_layer_digest	emotion	selflo_original	biên_soạn	không	đã_kiểm_chứng_trong_mẫu_88	tổn_thương_cảm_xúc	nhận_biết_cảm_xúc	đổi_khung_nhìn	3	cao
name_the_weather_inside	emotion	selflo_original	biên_soạn	không	đã_đánh_giá_trong_đợt_3	tổn_thương_cảm_xúc	nhận_biết_cảm_xúc	gọi_tên	4	cao
old_song_opens_a_closed_room	emotion	selflo_original	biên_soạn	không	đã_đánh_giá_trong_đợt_3	mất_mát	nhận_biết_cảm_xúc	kết_nối_lại	2	trung_bình
quiet_house_reveals_the_clock	emotion	selflo_original	biên_soạn	không	đã_đánh_giá_trong_đợt_3	tổn_thương_cảm_xúc	nhận_biết_cảm_xúc	chậm_lại	3	cao
river_carries_the_upstream_rain	emotion	selflo_original	biên_soạn	có	đã_quy_đổi_từ_mẫu_36	tổn_thương_cảm_xúc	tự_cảm_thông	nhận_ra	4	cao
room_holds_the_bells_echo	emotion	selflo_original	biên_soạn	không	đã_kiểm_chứng_trong_mẫu_88	tổn_thương_cảm_xúc	nhận_biết_cảm_xúc	nhận_ra	3	cao
sunlight_finds_the_scratch	emotion	selflo_original	biên_soạn	không	đã_quy_đổi_từ_mẫu_36	tổn_thương_cảm_xúc	hiểu_mình	nhận_ra	3	trung_bình
towel_reveals_what_it_carried	emotion	selflo_original	biên_soạn	không	đã_đánh_giá_trong_đợt_3	cạn_năng_lượng	nhận_biết_cảm_xúc	nhận_ra	3	cao
water_heats_before_the_kettle_sings	emotion	selflo_original	biên_soạn	không	đã_đánh_giá_trong_đợt_3	tổn_thương_cảm_xúc	nhận_biết_cảm_xúc	nhận_ra	3	cao
yin_yang_of_emotion	emotion	selflo_original	biên_soạn	không	đã_đánh_giá_trong_đợt_3	tổn_thương_cảm_xúc	nhận_biết_cảm_xúc	đổi_khung_nhìn	4	cao
a_good_meal_ends_with_enough	meaning_values	selflo_original	biên_soạn	không	đã_đánh_giá_trong_đợt_5	quá_tải	biết_đủ	chấp_nhận_giới_hạn	3	cao
applause_ending_is_not_failure	meaning_values	selflo_original	biên_soạn	không	đã_đánh_giá_trong_đợt_5	thất_bại	làm_rõ_giá_trị	đặt_lại_giả_định	3	cao
attributed.confucius.book_ii_ch13.action	meaning_values	adapted_wisdom	biên_soạn	không	đã_đánh_giá_trong_đợt_5	không_gắn_hoàn_cảnh_cụ_thể	trách_nhiệm	hành_động	4	cao
attributed.dhammapada.verse_006.end	meaning_values	adapted_wisdom	phát_hành	không	đã_đánh_giá_trong_đợt_5	mâu_thuẫn_quan_hệ	mở_rộng_góc_nhìn	buông	3	cao
attributed.dhammapada.verse_020.practice	meaning_values	adapted_wisdom	biên_soạn	không	đã_kiểm_chứng_trong_mẫu_88	tìm_ý_nghĩa	trách_nhiệm	hành_động	3	cao
attributed.epictetus.ench_15.banquet	meaning_values	adapted_wisdom	biên_soạn	không	đã_kiểm_chứng_trong_mẫu_88	bất_định	biết_đủ	chấp_nhận_giới_hạn	2	trung_bình
attributed.epictetus.ench_17.role	meaning_values	adapted_wisdom	biên_soạn	không	đã_kiểm_chứng_trong_mẫu_88	khủng_hoảng_bản_sắc	trách_nhiệm	phân_biệt_kiểm_soát	4	cao
attributed.laozi.chapter_11.empty_space	meaning_values	adapted_wisdom	phát_hành	không	đã_đánh_giá_trong_đợt_5	không_gắn_hoàn_cảnh_cụ_thể	mở_rộng_góc_nhìn	đổi_khung_nhìn	4	cao
attributed.laozi.chapter_48.diminish	meaning_values	adapted_wisdom	phát_hành	không	đã_kiểm_chứng_trong_mẫu_88	tìm_ý_nghĩa	biết_đủ	buông	4	cao
attributed.ma.ii_17.fame_forgotten	meaning_values	adapted_wisdom	biên_soạn	không	đã_kiểm_chứng_trong_mẫu_88	tìm_ý_nghĩa	mở_rộng_góc_nhìn	đổi_khung_nhìn	3	cao
attributed.ma.iv_17.be_good_now	meaning_values	adapted_wisdom	phát_hành	không	đã_kiểm_chứng_trong_mẫu_88	tìm_ý_nghĩa	trách_nhiệm	hành_động	2	cao
attributed.ma.iv_35.one_day	meaning_values	adapted_wisdom	biên_soạn	không	đã_đánh_giá_trong_đợt_5	tìm_ý_nghĩa	biết_đủ	chấp_nhận_giới_hạn	3	trung_bình
attributed.ma.vii_03.worth_pursuit	meaning_values	adapted_wisdom	biên_soạn	không	đã_đánh_giá_trong_đợt_5	tìm_ý_nghĩa	làm_rõ_giá_trị	lựa_chọn	4	cao
attributed.ma.vii_56.life_overplus	meaning_values	adapted_wisdom	biên_soạn	không	đã_kiểm_chứng_trong_mẫu_88	thay_đổi	quyền_tự_chủ	đổi_khung_nhìn	3	cao
attributed.ma.viii_33.fortune_gifts	meaning_values	adapted_wisdom	biên_soạn	không	đã_kiểm_chứng_trong_mẫu_88	bất_định	chịu_đựng_bất_định	buông	3	cao
attributed.ma.x_16.be_one	meaning_values	adapted_wisdom	phát_hành	không	đã_đánh_giá_trong_đợt_5	tìm_ý_nghĩa	trách_nhiệm	hành_động	4	cao
attributed.paulo_coelho.the_alchemist.002	meaning_values	adapted_wisdom	biên_soạn	không	đã_đánh_giá_trong_đợt_5	khủng_hoảng_bản_sắc	quyền_tự_chủ	đặt_lại_giả_định	4	cao
attributed.paulo_coelho.the_alchemist.003	meaning_values	adapted_wisdom	biên_soạn	không	đã_đánh_giá_trong_đợt_5	định_hướng_công_việc	quyền_tự_chủ	hành_động	1	thấp
attributed.paulo_coelho.the_alchemist.012	meaning_values	adapted_wisdom	biên_soạn	không	đã_đánh_giá_trong_đợt_5	tìm_ý_nghĩa	làm_rõ_giá_trị	nhận_ra	2	thấp
attributed.paulo_coelho.the_alchemist.015	meaning_values	adapted_wisdom	biên_soạn	không	đã_đánh_giá_trong_đợt_5	không_gắn_hoàn_cảnh_cụ_thể	sự_hiện_diện	đổi_khung_nhìn	2	trung_bình
attributed.paulo_coelho.the_alchemist.036	meaning_values	adapted_wisdom	biên_soạn	không	đã_đánh_giá_trong_đợt_5	bất_định	phán_đoán_độc_lập	nhận_ra	1	thấp
attributed.paulo_coelho.the_alchemist.037	meaning_values	adapted_wisdom	biên_soạn	không	đã_quy_đổi_từ_mẫu_36	tìm_ý_nghĩa	chưa_xác_định	chưa_xác_định	1	thấp
attributed.paulo_coelho.the_alchemist.049	meaning_values	adapted_wisdom	biên_soạn	không	đã_đánh_giá_trong_đợt_5	định_hướng_công_việc	làm_rõ_giá_trị	làm_rõ_giá_trị	3	trung_bình
attributed.paulo_coelho.the_alchemist.050	meaning_values	adapted_wisdom	biên_soạn	không	đã_kiểm_chứng_trong_mẫu_88	tìm_ý_nghĩa	làm_rõ_giá_trị	làm_rõ_giá_trị	1	trung_bình
attributed.paulo_coelho.the_alchemist.051	meaning_values	adapted_wisdom	biên_soạn	không	đã_đánh_giá_trong_đợt_5	định_hướng_công_việc	quyền_tự_chủ	hành_động	1	thấp
attributed.paulo_coelho.the_alchemist.053	meaning_values	adapted_wisdom	biên_soạn	không	đã_đánh_giá_trong_đợt_5	bất_định	trách_nhiệm	chấp_nhận_giới_hạn	2	thấp
attributed.paulo_coelho.the_alchemist.057	meaning_values	adapted_wisdom	biên_soạn	không	đã_đánh_giá_trong_đợt_5	cô_đơn	kết_nối	đặt_lại_giả_định	1	thấp
attributed.paulo_coelho.the_alchemist.059	meaning_values	adapted_wisdom	biên_soạn	không	đã_đánh_giá_trong_đợt_5	bất_định	chịu_đựng_bất_định	chấp_nhận_giới_hạn	1	thấp
attributed.paulo_coelho.the_alchemist.064	meaning_values	adapted_wisdom	biên_soạn	không	đã_đánh_giá_trong_đợt_5	tìm_ý_nghĩa	mở_rộng_góc_nhìn	chậm_lại	2	trung_bình
attributed.paulo_coelho.the_alchemist.065	meaning_values	adapted_wisdom	biên_soạn	không	đã_đánh_giá_trong_đợt_5	không_gắn_hoàn_cảnh_cụ_thể	mở_rộng_góc_nhìn	kết_nối_lại	2	thấp
attributed.seneca.letter_20.deeds	meaning_values	adapted_wisdom	phát_hành	không	đã_kiểm_chứng_trong_mẫu_88	chưa_xác_định	trách_nhiệm	hành_động	1	cao
bus_ticket_keeps_the_day_of_return	meaning_values	selflo_original	biên_soạn	có	đã_đánh_giá_trong_đợt_5	thay_đổi	làm_rõ_giá_trị	lựa_chọn	3	cao
candle_is_seen_when_it_goes_out	meaning_values	selflo_original	biên_soạn	không	đã_đánh_giá_trong_đợt_5	mất_mát	biết_đủ	nhận_ra	3	cao
chipped_cup_stays_for_its_story	meaning_values	selflo_original	biên_soạn	không	đã_quy_đổi_từ_mẫu_36	khủng_hoảng_bản_sắc	tự_cảm_thông	đổi_khung_nhìn	3	cao
clarity_before_speed	meaning_values	selflo_original	biên_soạn	không	đã_đánh_giá_trong_đợt_5	định_hướng_công_việc	làm_rõ_giá_trị	chậm_lại	4	cao
compass_keeps_direction_not_steps	meaning_values	selflo_original	phát_hành	có	đã_quy_đổi_từ_mẫu_36	bất_định	làm_rõ_giá_trị	làm_rõ_giá_trị	4	cao
emergency_fund_can_become_breathing_time	meaning_values	selflo_original	biên_soạn	không	đã_đánh_giá_trong_đợt_5	áp_lực_công_việc	quyền_tự_chủ	đổi_khung_nhìn	3	cao
home_is_known_by_what_it_keeps	meaning_values	selflo_original	biên_soạn	không	đã_kiểm_chứng_trong_mẫu_88	tìm_ý_nghĩa	làm_rõ_giá_trị	nhận_ra	3	cao
keep_the_lamp_when_the_sea_has_waves	meaning_values	selflo_original	biên_soạn	có	đã_đánh_giá_trong_đợt_5	bất_định	quyền_tự_chủ	phân_biệt_kiểm_soát	4	cao
meaning_is_often_found_in_how	meaning_values	selflo_original	biên_soạn	không	đã_đánh_giá_trong_đợt_5	tìm_ý_nghĩa	làm_rõ_giá_trị	đổi_khung_nhìn	4	cao
morning_thread_gathers_the_days	meaning_values	selflo_original	biên_soạn	không	đã_đánh_giá_trong_đợt_5	tìm_ý_nghĩa	làm_rõ_giá_trị	kết_nối_lại	3	cao
new_leaves_do_not_need_an_audience	meaning_values	selflo_original	biên_soạn	không	đã_đánh_giá_trong_đợt_5	so_sánh	quyền_tự_chủ	đặt_lại_giả_định	2	cao
old_chair_holds_more_than_wood	meaning_values	selflo_original	biên_soạn	có	đã_đánh_giá_trong_đợt_5	mất_mát	kết_nối	kết_nối_lại	3	cao
ordinary_morning_is_a_quiet_gift	meaning_values	selflo_original	biên_soạn	không	đã_đánh_giá_trong_đợt_5	mất_mát	biết_đủ	nhận_ra	3	cao
porch_light_marks_the_kind_of_home	meaning_values	selflo_original	biên_soạn	không	đã_đánh_giá_trong_đợt_5	mâu_thuẫn_quan_hệ	làm_rõ_giá_trị	làm_rõ_giá_trị	3	cao
small_suitcase_reveals_what_matters	meaning_values	selflo_original	biên_soạn	không	đã_đánh_giá_trong_đợt_5	thay_đổi	làm_rõ_giá_trị	lựa_chọn	3	cao
some_footprints_lead_toward_home	meaning_values	selflo_original	biên_soạn	không	đã_đánh_giá_trong_đợt_5	quá_tải	làm_rõ_giá_trị	lựa_chọn	4	cao
the_pauses_were_the_life	meaning_values	selflo_original	phát_hành	có	đã_quy_đổi_từ_mẫu_36	tìm_ý_nghĩa	sự_hiện_diện	đổi_khung_nhìn	4	cao
village_road_contains_a_childhood	meaning_values	selflo_original	biên_soạn	không	đã_đánh_giá_trong_đợt_5	mất_mát	kết_nối	kết_nối_lại	3	cao
attributed.confucius.book_i_ch03.fine_words	relationships	adapted_wisdom	biên_soạn	không	đã_đánh_giá_trong_đợt_8	mâu_thuẫn_quan_hệ	phán_đoán_độc_lập	nhận_ra	3	cao
attributed.confucius.book_xv_ch23.reciprocity	relationships	adapted_wisdom	phát_hành	không	đã_đánh_giá_trong_đợt_8	mâu_thuẫn_quan_hệ	trách_nhiệm	lựa_chọn	4	cao
attributed.dhammapada.verse_005.hatred	relationships	adapted_wisdom	phát_hành	không	đã_đánh_giá_trong_đợt_8	mâu_thuẫn_quan_hệ	điều_hòa_cảm_xúc	buông	4	cao
attributed.dhammapada.verse_049.bee	relationships	adapted_wisdom	biên_soạn	không	đã_quy_đổi_từ_mẫu_36	mâu_thuẫn_quan_hệ	kết_nối	kết_nối_lại	2	cao
attributed.laozi.chapter_08.water	relationships	adapted_wisdom	phát_hành	không	đã_kiểm_chứng_trong_mẫu_88	mâu_thuẫn_quan_hệ	kết_nối	đổi_khung_nhìn	3	cao
attributed.ma.vi_06.best_revenge	relationships	adapted_wisdom	phát_hành	không	đã_quy_đổi_từ_mẫu_36	mâu_thuẫn_quan_hệ	trách_nhiệm	phân_biệt_kiểm_soát	3	cao
attributed.ma.vi_39.adapt_love	relationships	adapted_wisdom	biên_soạn	không	đã_đánh_giá_trong_đợt_8	mâu_thuẫn_quan_hệ	kết_nối	chấp_nhận_giới_hạn	3	cao
attributed.ma.vi_48.others_excellence	relationships	adapted_wisdom	biên_soạn	không	đã_quy_đổi_từ_mẫu_36	mâu_thuẫn_quan_hệ	kết_nối	nhận_ra	1	cao
attributed.ma.vi_54.swarm_bee	relationships	adapted_wisdom	biên_soạn	không	đã_kiểm_chứng_trong_mẫu_88	mâu_thuẫn_quan_hệ	trách_nhiệm	đổi_khung_nhìn	2	cao
attributed.ma.vii_07.accept_help	relationships	adapted_wisdom	phát_hành	không	đã_kiểm_chứng_trong_mẫu_88	cô_đơn	kết_nối	kết_nối_lại	3	cao
attributed.paulo_coelho.the_alchemist.001	relationships	adapted_wisdom	biên_soạn	không	đã_đánh_giá_trong_đợt_8	mâu_thuẫn_quan_hệ	hiểu_mình	nhận_ra	3	trung_bình
attributed.paulo_coelho.the_alchemist.010	relationships	adapted_wisdom	biên_soạn	không	đã_đánh_giá_trong_đợt_8	định_hướng_công_việc	làm_rõ_giá_trị	giữ_hai_mặt	3	trung_bình
attributed.paulo_coelho.the_alchemist.026	relationships	adapted_wisdom	biên_soạn	không	đã_đánh_giá_trong_đợt_8	không_gắn_hoàn_cảnh_cụ_thể	kết_nối	chấp_nhận_giới_hạn	2	trung_bình
attributed.paulo_coelho.the_alchemist.027	relationships	adapted_wisdom	biên_soạn	không	đã_đánh_giá_trong_đợt_8	bất_định	kết_nối	chấp_nhận_giới_hạn	2	thấp
attributed.paulo_coelho.the_alchemist.035	relationships	adapted_wisdom	biên_soạn	không	đã_kiểm_chứng_trong_mẫu_88	tìm_ý_nghĩa	kết_nối	kết_nối_lại	1	trung_bình
attributed.paulo_coelho.the_alchemist.038	relationships	adapted_wisdom	biên_soạn	không	đã_đánh_giá_trong_đợt_8	định_hướng_công_việc	làm_rõ_giá_trị	giữ_hai_mặt	2	thấp
attributed.paulo_coelho.the_alchemist.046	relationships	adapted_wisdom	biên_soạn	không	đã_kiểm_chứng_trong_mẫu_88	mâu_thuẫn_quan_hệ	phán_đoán_độc_lập	đặt_lại_giả_định	3	trung_bình
attributed.paulo_coelho.the_alchemist.070	relationships	adapted_wisdom	biên_soạn	không	đã_đánh_giá_trong_đợt_8	không_gắn_hoàn_cảnh_cụ_thể	kết_nối	kết_nối_lại	2	trung_bình
attributed.paulo_coelho.the_alchemist.071	relationships	adapted_wisdom	biên_soạn	không	đã_kiểm_chứng_trong_mẫu_88	cô_đơn	kết_nối	kết_nối_lại	1	trung_bình
attributed.paulo_coelho.the_alchemist.072	relationships	adapted_wisdom	biên_soạn	không	đã_đánh_giá_trong_đợt_8	bất_định	chịu_đựng_bất_định	buông	2	trung_bình
attributed.paulo_coelho.the_alchemist.083	relationships	adapted_wisdom	biên_soạn	không	đã_đánh_giá_trong_đợt_8	bất_định	kết_nối	chấp_nhận_giới_hạn	2	thấp
attributed.seneca.letter_03.loyal	relationships	adapted_wisdom	biên_soạn	không	đã_đánh_giá_trong_đợt_8	mâu_thuẫn_quan_hệ	kết_nối	hành_động	3	cao
attributed.seneca.letter_07.mutual_learning	relationships	adapted_wisdom	phát_hành	không	đã_đánh_giá_trong_đợt_8	mâu_thuẫn_quan_hệ	kết_nối	giữ_hai_mặt	4	cao
attributed.seneca.letter_09.friends	relationships	adapted_wisdom	biên_soạn	không	đã_kiểm_chứng_trong_mẫu_88	cô_đơn	kết_nối	giữ_hai_mặt	4	cao
attributed.seneca.letter_47.people	relationships	adapted_wisdom	biên_soạn	không	đã_đánh_giá_trong_đợt_8	mâu_thuẫn_quan_hệ	kết_nối	đặt_lại_giả_định	4	cao
bridge_does_not_hold_the_walker	relationships	selflo_original	biên_soạn	không	đã_đánh_giá_trong_đợt_8	thay_đổi	kết_nối	buông	3	cao
door_stays_where_home_begins	relationships	selflo_original	biên_soạn	không	đã_đánh_giá_trong_đợt_8	cô_đơn	kết_nối	kết_nối_lại	3	cao
empty_chair_changes_the_table	relationships	selflo_original	biên_soạn	không	đã_đánh_giá_trong_đợt_8	mất_mát	kết_nối	nhận_ra	3	cao
familiar_cafe_remembers_the_order	relationships	selflo_original	biên_soạn	có	đã_đánh_giá_trong_đợt_8	cô_đơn	kết_nối	kết_nối_lại	3	cao
hand_does_not_need_to_grip	relationships	selflo_original	biên_soạn	không	đã_kiểm_chứng_trong_mẫu_88	mâu_thuẫn_quan_hệ	kết_nối	chấp_nhận_giới_hạn	3	cao
kitchen_sounds_like_someone_waiting	relationships	selflo_original	biên_soạn	không	đã_kiểm_chứng_trong_mẫu_88	cô_đơn	kết_nối	nhận_ra	3	cao
lit_window_guides_the_way_home	relationships	selflo_original	biên_soạn	không	đã_đánh_giá_trong_đợt_8	cô_đơn	kết_nối	kết_nối_lại	3	cao
one_umbrella_keeps_two_steps_together	relationships	selflo_original	biên_soạn	có	đã_quy_đổi_từ_mẫu_36	cô_đơn	kết_nối	kết_nối_lại	3	cao
safe_return_can_help_us_go_farther	relationships	selflo_original	biên_soạn	có	đã_đánh_giá_trong_đợt_8	bất_định	kết_nối	giữ_hai_mặt	4	cao
small_boundary_is_still_boundary	relationships	selflo_original	biên_soạn	không	đã_đánh_giá_trong_đợt_8	mâu_thuẫn_quan_hệ	quyền_tự_chủ	lựa_chọn	4	cao
social_layer_digest	relationships	selflo_original	biên_soạn	không	đã_đánh_giá_trong_đợt_8	tổn_thương_cảm_xúc	kết_nối	nhận_ra	3	cao
someone_calls_at_the_last_stop	relationships	selflo_original	biên_soạn	có	đã_đánh_giá_trong_đợt_8	bất_định	kết_nối	chấp_nhận_giới_hạn	3	cao
the_opposite_chair_stays_occupied	relationships	selflo_original	biên_soạn	không	đã_đánh_giá_trong_đợt_8	mâu_thuẫn_quan_hệ	kết_nối	chậm_lại	3	cao
apron_waits_on_the_hook	rest_wellbeing	selflo_original	biên_soạn	không	đã_kiểm_chứng_trong_mẫu_88	cạn_năng_lượng	biết_đủ	buông	3	cao
athlete_sits_after_finish	rest_wellbeing	selflo_original	biên_soạn	không	đã_kiểm_chứng_trong_mẫu_88	cạn_năng_lượng	biết_đủ	đổi_khung_nhìn	2	cao
attributed.laozi.chapter_09.full_vessel	rest_wellbeing	adapted_wisdom	biên_soạn	không	đã_đánh_giá_trong_đợt_7	quá_tải	biết_đủ	chấp_nhận_giới_hạn	4	cao
attributed.laozi.chapter_15.muddy_water	rest_wellbeing	adapted_wisdom	phát_hành	không	đã_đánh_giá_trong_đợt_7	tổn_thương_cảm_xúc	điều_hòa_cảm_xúc	chậm_lại	4	cao
attributed.ma.iv_03.inner_retreat	rest_wellbeing	adapted_wisdom	phát_hành	không	đã_quy_đổi_từ_mẫu_36	quá_tải	sự_hiện_diện	chậm_lại	2	cao
attributed.ma.vi_11.return_yourself	rest_wellbeing	adapted_wisdom	phát_hành	không	đã_đánh_giá_trong_đợt_7	quá_tải	điều_hòa_cảm_xúc	kết_nối_lại	3	cao
attributed.ma.vii_28.just_calm	rest_wellbeing	adapted_wisdom	biên_soạn	không	đã_đánh_giá_trong_đợt_7	tổn_thương_cảm_xúc	điều_hòa_cảm_xúc	kết_nối_lại	3	cao
attributed.paulo_coelho.the_alchemist.005	rest_wellbeing	adapted_wisdom	biên_soạn	không	đã_đánh_giá_trong_đợt_7	quá_tải	phán_đoán_độc_lập	giữ_hai_mặt	3	cao
attributed.seneca.letter_28.burdens	rest_wellbeing	adapted_wisdom	phát_hành	không	đã_đánh_giá_trong_đợt_7	thay_đổi	hiểu_mình	nhận_ra	4	cao
damp_paper_is_not_the_pens_fault	rest_wellbeing	selflo_original	biên_soạn	không	đã_đánh_giá_trong_đợt_7	cạn_năng_lượng	tự_cảm_thông	đổi_khung_nhìn	3	cao
dark_room_before_the_body_is_ready	rest_wellbeing	selflo_original	biên_soạn	không	đã_quy_đổi_từ_mẫu_36	cạn_năng_lượng	hiểu_mình	nhận_ra	3	trung_bình
do_not_let_work_rent_your_mind_after_hours	rest_wellbeing	selflo_original	biên_soạn	có	đã_kiểm_chứng_trong_mẫu_88	áp_lực_công_việc	biết_đủ	buông	3	cao
empty_desk_with_glowing_screen	rest_wellbeing	selflo_original	biên_soạn	không	đã_kiểm_chứng_trong_mẫu_88	áp_lực_công_việc	hiểu_mình	nhận_ra	3	cao
energy_has_a_budget	rest_wellbeing	selflo_original	biên_soạn	có	đã_quy_đổi_từ_mẫu_36	quá_tải	hiểu_mình	gọi_tên	3	cao
energy_layer_digest	rest_wellbeing	selflo_original	biên_soạn	có	đã_đánh_giá_trong_đợt_7	cạn_năng_lượng	nhận_biết_cảm_xúc	nhận_ra	2	cao
enough_for_today	rest_wellbeing	selflo_original	biên_soạn	không	đã_đánh_giá_trong_đợt_7	cạn_năng_lượng	biết_đủ	chấp_nhận_giới_hạn	4	cao
excitement_has_a_lifespan	rest_wellbeing	selflo_original	biên_soạn	không	đã_kiểm_chứng_trong_mẫu_88	cạn_năng_lượng	hiểu_mình	chấp_nhận_giới_hạn	2	cao
faster_clock_does_not_lengthen_day	rest_wellbeing	selflo_original	biên_soạn	không	đã_đánh_giá_trong_đợt_7	quá_tải	biết_đủ	chấp_nhận_giới_hạn	2	cao
hands_keep_the_hammers_echo	rest_wellbeing	selflo_original	biên_soạn	có	đã_đánh_giá_trong_đợt_7	cạn_năng_lượng	điều_hòa_cảm_xúc	chấp_nhận_giới_hạn	3	cao
house_turns_off_one_window_at_a_time	rest_wellbeing	selflo_original	biên_soạn	có	đã_đánh_giá_trong_đợt_7	cạn_năng_lượng	điều_hòa_cảm_xúc	chấp_nhận_giới_hạn	3	cao
kitchen_cools_after_the_flame	rest_wellbeing	selflo_original	biên_soạn	không	đã_đánh_giá_trong_đợt_7	cạn_năng_lượng	điều_hòa_cảm_xúc	chấp_nhận_giới_hạn	3	cao
morning_dew_leaves_when_warm	rest_wellbeing	selflo_original	biên_soạn	không	đã_đánh_giá_trong_đợt_7	hồi_phục	tự_cảm_thông	chấp_nhận_giới_hạn	3	cao
morning_enters_before_the_alarm	rest_wellbeing	selflo_original	biên_soạn	không	đã_đánh_giá_trong_đợt_7	không_gắn_hoàn_cảnh_cụ_thể	sự_hiện_diện	chậm_lại	2	trung_bình
ordinary_day_can_be_recharge	rest_wellbeing	selflo_original	biên_soạn	không	đã_đánh_giá_trong_đợt_7	cạn_năng_lượng	biết_đủ	đổi_khung_nhìn	3	cao
quote.laundry_and_two_bells	rest_wellbeing	adapted_wisdom	biên_soạn	có	đã_quy_đổi_từ_mẫu_36	áp_lực_công_việc	hiểu_mình	gọi_tên	3	trung_bình
rest_is_part_of_rhythm	rest_wellbeing	selflo_original	biên_soạn	không	đã_đánh_giá_trong_đợt_7	cạn_năng_lượng	biết_đủ	đổi_khung_nhìn	4	cao
shop_closes_but_street_continues	rest_wellbeing	selflo_original	biên_soạn	không	đã_đánh_giá_trong_đợt_7	áp_lực_công_việc	biết_đủ	buông	3	cao
silence_between_notes_belongs_to_music	rest_wellbeing	selflo_original	biên_soạn	không	đã_đánh_giá_trong_đợt_7	quá_tải	biết_đủ	đổi_khung_nhìn	3	cao
sprint_and_marathon_need_different_breath	rest_wellbeing	selflo_original	biên_soạn	không	đã_kiểm_chứng_trong_mẫu_88	cạn_năng_lượng	phán_đoán_độc_lập	đổi_khung_nhìn	3	cao
stable_is_not_empty	rest_wellbeing	selflo_original	biên_soạn	có	đã_kiểm_chứng_trong_mẫu_88	cạn_năng_lượng	biết_đủ	đổi_khung_nhìn	3	cao
stars_remain_behind_clouds	rest_wellbeing	selflo_original	biên_soạn	không	đã_đánh_giá_trong_đợt_7	tổn_thương_cảm_xúc	chịu_đựng_bất_định	đổi_khung_nhìn	2	trung_bình
streetlight_turns_off_when_unneeded	rest_wellbeing	selflo_original	biên_soạn	không	đã_đánh_giá_trong_đợt_7	cạn_năng_lượng	biết_đủ	chấp_nhận_giới_hạn	2	cao
string_needs_enough_tension	rest_wellbeing	selflo_original	biên_soạn	không	đã_đánh_giá_trong_đợt_7	cạn_năng_lượng	biết_đủ	giữ_hai_mặt	3	cao
ten_percent_means_recharge	rest_wellbeing	selflo_original	biên_soạn	không	đã_kiểm_chứng_trong_mẫu_88	cạn_năng_lượng	biết_đủ	chấp_nhận_giới_hạn	1	cao
tide_does_not_apologize	rest_wellbeing	selflo_original	biên_soạn	có	đã_đánh_giá_trong_đợt_7	cạn_năng_lượng	tự_cảm_thông	chấp_nhận_giới_hạn	4	cao
tight_grip_tires_before_arrival	rest_wellbeing	selflo_original	biên_soạn	không	đã_kiểm_chứng_trong_mẫu_88	cạn_năng_lượng	biết_đủ	chấp_nhận_giới_hạn	2	trung_bình
tired_body_waits_for_the_train	rest_wellbeing	selflo_original	biên_soạn	không	đã_đánh_giá_trong_đợt_7	cạn_năng_lượng	tự_cảm_thông	chấp_nhận_giới_hạn	2	cao
wakeful_hours_fill_the_hourglass	rest_wellbeing	selflo_original	biên_soạn	không	đã_đánh_giá_trong_đợt_7	cạn_năng_lượng	nhận_biết_cảm_xúc	nhận_ra	2	trung_bình
wallet_lightens_before_bill_disappears	rest_wellbeing	selflo_original	biên_soạn	không	đã_đánh_giá_trong_đợt_7	áp_lực_công_việc	chịu_đựng_bất_định	chấp_nhận_giới_hạn	2	trung_bình
water_settles_when_untouched	rest_wellbeing	selflo_original	biên_soạn	không	đã_đánh_giá_trong_đợt_7	tổn_thương_cảm_xúc	điều_hòa_cảm_xúc	chậm_lại	4	cao
another_persons_measure_cannot_fit_your_life	self_understanding	selflo_original	biên_soạn	có	đã_đánh_giá_trong_đợt_4	so_sánh	hiểu_mình	đặt_lại_giả_định	3	cao
another_persons_shoes_hurt	self_understanding	selflo_original	biên_soạn	không	đã_đánh_giá_trong_đợt_4	so_sánh	hiểu_mình	đặt_lại_giả_định	2	cao
attributed.confucius.book_ii_ch15.thought	self_understanding	adapted_wisdom	phát_hành	không	đã_đánh_giá_trong_đợt_4	không_gắn_hoàn_cảnh_cụ_thể	phán_đoán_độc_lập	giữ_hai_mặt	4	cao
attributed.confucius.book_ii_ch17.knowledge	self_understanding	adapted_wisdom	phát_hành	không	đã_đánh_giá_trong_đợt_4	bất_định	phán_đoán_độc_lập	chấp_nhận_giới_hạn	4	cao
attributed.confucius.book_iv_ch17.inward	self_understanding	adapted_wisdom	phát_hành	không	đã_đánh_giá_trong_đợt_4	so_sánh	hiểu_mình	nhận_ra	4	cao
attributed.confucius.book_xv_ch20.seek	self_understanding	adapted_wisdom	biên_soạn	không	đã_đánh_giá_trong_đợt_4	mâu_thuẫn_quan_hệ	trách_nhiệm	nhận_ra	3	cao
attributed.dhammapada.verse_050.own_deeds	self_understanding	adapted_wisdom	biên_soạn	không	đã_đánh_giá_trong_đợt_4	mâu_thuẫn_quan_hệ	trách_nhiệm	nhận_ra	3	cao
attributed.dhammapada.verse_081.rock	self_understanding	adapted_wisdom	phát_hành	không	đã_đánh_giá_trong_đợt_4	so_sánh	làm_rõ_giá_trị	làm_rõ_giá_trị	3	cao
attributed.dhammapada.verse_103.self_conquest	self_understanding	adapted_wisdom	biên_soạn	không	đã_kiểm_chứng_trong_mẫu_88	chưa_xác_định	trách_nhiệm	hành_động	1	trung_bình
attributed.dhammapada.verse_160.self_lord	self_understanding	adapted_wisdom	biên_soạn	không	đã_đánh_giá_trong_đợt_4	khủng_hoảng_bản_sắc	quyền_tự_chủ	lựa_chọn	4	cao
attributed.epictetus.ench_01.appearance	self_understanding	adapted_wisdom	biên_soạn	không	đã_kiểm_chứng_trong_mẫu_88	tổn_thương_cảm_xúc	phán_đoán_độc_lập	đặt_lại_giả_định	4	cao
attributed.laozi.chapter_02.mutual_arising	self_understanding	adapted_wisdom	biên_soạn	có	đã_quy_đổi_từ_mẫu_36	bất_định	mở_rộng_góc_nhìn	giữ_hai_mặt	4	cao
attributed.laozi.chapter_33.know_self	self_understanding	adapted_wisdom	phát_hành	không	đã_đánh_giá_trong_đợt_4	không_gắn_hoàn_cảnh_cụ_thể	hiểu_mình	nhận_ra	4	cao
attributed.ma.ii_06.short_life	self_understanding	adapted_wisdom	biên_soạn	không	đã_đánh_giá_trong_đợt_4	so_sánh	làm_rõ_giá_trị	lựa_chọn	4	cao
attributed.ma.ii_08.own_soul	self_understanding	adapted_wisdom	biên_soạn	không	đã_đánh_giá_trong_đợt_4	tổn_thương_cảm_xúc	hiểu_mình	nhận_ra	4	cao
attributed.ma.v_11.use_of_soul	self_understanding	adapted_wisdom	biên_soạn	không	đã_đánh_giá_trong_đợt_4	tìm_ý_nghĩa	làm_rõ_giá_trị	làm_rõ_giá_trị	4	cao
attributed.ma.vii_15.retain_lustre	self_understanding	adapted_wisdom	biên_soạn	không	đã_đánh_giá_trong_đợt_4	so_sánh	làm_rõ_giá_trị	lựa_chọn	4	cao
attributed.ma.vii_59.fountain_good	self_understanding	adapted_wisdom	phát_hành	không	đã_đánh_giá_trong_đợt_4	khủng_hoảng_bản_sắc	hiểu_mình	kết_nối_lại	3	trung_bình
attributed.paulo_coelho.the_alchemist.004	self_understanding	adapted_wisdom	biên_soạn	không	đã_đánh_giá_trong_đợt_4	so_sánh	quyền_tự_chủ	làm_rõ_giá_trị	3	cao
attributed.paulo_coelho.the_alchemist.013	self_understanding	adapted_wisdom	biên_soạn	không	đã_đánh_giá_trong_đợt_4	định_hướng_công_việc	phán_đoán_độc_lập	nhận_ra	2	thấp
attributed.paulo_coelho.the_alchemist.016	self_understanding	adapted_wisdom	biên_soạn	không	đã_đánh_giá_trong_đợt_4	mâu_thuẫn_quan_hệ	hiểu_mình	nhận_ra	3	cao
attributed.paulo_coelho.the_alchemist.025	self_understanding	adapted_wisdom	biên_soạn	không	đã_kiểm_chứng_trong_mẫu_88	mâu_thuẫn_quan_hệ	trách_nhiệm	nhận_ra	1	trung_bình
attributed.paulo_coelho.the_alchemist.033	self_understanding	adapted_wisdom	biên_soạn	không	đã_đánh_giá_trong_đợt_4	xao_lãng	quyền_tự_chủ	lựa_chọn	2	trung_bình
attributed.paulo_coelho.the_alchemist.039	self_understanding	adapted_wisdom	biên_soạn	không	đã_đánh_giá_trong_đợt_4	định_hướng_công_việc	phán_đoán_độc_lập	nhận_ra	1	thấp
attributed.paulo_coelho.the_alchemist.040	self_understanding	adapted_wisdom	biên_soạn	không	đã_đánh_giá_trong_đợt_4	định_hướng_công_việc	phán_đoán_độc_lập	nhận_ra	2	thấp
attributed.paulo_coelho.the_alchemist.047	self_understanding	adapted_wisdom	biên_soạn	không	đã_kiểm_chứng_trong_mẫu_88	so_sánh	hiểu_mình	đặt_lại_giả_định	3	cao
attributed.paulo_coelho.the_alchemist.048	self_understanding	adapted_wisdom	biên_soạn	không	đã_đánh_giá_trong_đợt_4	khủng_hoảng_bản_sắc	quyền_tự_chủ	đặt_lại_giả_định	4	cao
attributed.paulo_coelho.the_alchemist.054	self_understanding	adapted_wisdom	biên_soạn	không	đã_đánh_giá_trong_đợt_4	do_dự	quyền_tự_chủ	hành_động	1	trung_bình
attributed.paulo_coelho.the_alchemist.077	self_understanding	adapted_wisdom	biên_soạn	không	đã_kiểm_chứng_trong_mẫu_88	tìm_ý_nghĩa	làm_rõ_giá_trị	làm_rõ_giá_trị	2	trung_bình
attributed.paulo_coelho.the_alchemist.079	self_understanding	adapted_wisdom	biên_soạn	không	đã_đánh_giá_trong_đợt_4	bất_định	hiểu_mình	nhận_ra	3	trung_bình
attributed.seneca.letter_78.opinion	self_understanding	adapted_wisdom	biên_soạn	không	đã_đánh_giá_trong_đợt_4	tổn_thương_cảm_xúc	mở_rộng_góc_nhìn	đặt_lại_giả_định	3	cao
attributed.zhuangzi.chapter_01.rest_beneath_tree	self_understanding	adapted_wisdom	phát_hành	có	đã_quy_đổi_từ_mẫu_36	khủng_hoảng_bản_sắc	biết_đủ	đặt_lại_giả_định	4	cao
comparison_loop_digest	self_understanding	selflo_original	biên_soạn	không	đã_kiểm_chứng_trong_mẫu_88	so_sánh	quyền_tự_chủ	nhận_ra	2	cao
comparison_steals_joy	self_understanding	selflo_original	biên_soạn	có	đã_quy_đổi_từ_mẫu_36	so_sánh	hiểu_mình	đặt_lại_giả_định	2	cao
defense_layer_digest	self_understanding	selflo_original	biên_soạn	không	đã_đánh_giá_trong_đợt_4	mâu_thuẫn_quan_hệ	hiểu_mình	nhận_ra	3	cao
each_season_has_its_own_gift	self_understanding	selflo_original	biên_soạn	không	đã_kiểm_chứng_trong_mẫu_88	so_sánh	biết_đủ	đổi_khung_nhìn	3	cao
first_burnt_batch_does_not_erase_the_kitchen	self_understanding	selflo_original	biên_soạn	có	đã_quy_đổi_từ_mẫu_36	thất_bại	tự_cảm_thông	đổi_khung_nhìn	3	cao
first_needle_needs_light_not_blame	self_understanding	selflo_original	biên_soạn	không	đã_đánh_giá_trong_đợt_4	thất_bại	tự_cảm_thông	đổi_khung_nhìn	3	cao
gentle_voice_for_the_broken_bowl	self_understanding	selflo_original	biên_soạn	không	đã_đánh_giá_trong_đợt_4	thất_bại	tự_cảm_thông	kết_nối_lại	3	cao
gentleness_creates_room	self_understanding	selflo_original	biên_soạn	không	đã_đánh_giá_trong_đợt_4	tổn_thương_cảm_xúc	tự_cảm_thông	đổi_khung_nhìn	4	cao
identity_layer_digest	self_understanding	selflo_original	biên_soạn	không	đã_đánh_giá_trong_đợt_4	khủng_hoảng_bản_sắc	hiểu_mình	đặt_lại_giả_định	4	cao
late_flower_meets_another_sky	self_understanding	selflo_original	biên_soạn	có	đã_kiểm_chứng_trong_mẫu_88	so_sánh	biết_đủ	đổi_khung_nhìn	3	cao
marathoner_does_not_chase_sprinter_at_start	self_understanding	selflo_original	biên_soạn	không	đã_đánh_giá_trong_đợt_4	so_sánh	hiểu_mình	đặt_lại_giả_định	2	cao
neighboring_light_does_not_dim_this_lamp	self_understanding	selflo_original	biên_soạn	không	đã_đánh_giá_trong_đợt_4	so_sánh	tự_cảm_thông	đổi_khung_nhìn	2	cao
old_pattern_not_identity	self_understanding	selflo_original	biên_soạn	không	đã_đánh_giá_trong_đợt_4	khủng_hoảng_bản_sắc	hiểu_mình	đặt_lại_giả_định	4	cao
projection_loop_digest	self_understanding	selflo_original	biên_soạn	không	đã_đánh_giá_trong_đợt_4	mâu_thuẫn_quan_hệ	hiểu_mình	gọi_tên	3	cao
quote.potter_and_two_hands	self_understanding	adapted_wisdom	biên_soạn	có	đã_đánh_giá_trong_đợt_4	tổn_thương_cảm_xúc	tự_cảm_thông	giữ_hai_mặt	3	cao
scratched_table_stays_in_the_home	self_understanding	selflo_original	biên_soạn	không	đã_đánh_giá_trong_đợt_4	khủng_hoảng_bản_sắc	tự_cảm_thông	chấp_nhận_giới_hạn	3	cao
self_judgment_loop_digest	self_understanding	selflo_original	biên_soạn	không	đã_kiểm_chứng_trong_mẫu_88	thất_bại	hiểu_mình	đặt_lại_giả_định	3	cao
shadow_length_depends_on_sun	self_understanding	selflo_original	biên_soạn	không	đã_đánh_giá_trong_đợt_4	so_sánh	hiểu_mình	đặt_lại_giả_định	3	cao
trains_leave_together_for_different_cities	self_understanding	selflo_original	biên_soạn	không	đã_đánh_giá_trong_đợt_4	so_sánh	hiểu_mình	đổi_khung_nhìn	2	cao
two_trees_begin_with_different_seeds	self_understanding	selflo_original	biên_soạn	không	đã_kiểm_chứng_trong_mẫu_88	so_sánh	mở_rộng_góc_nhìn	đổi_khung_nhìn	2	trung_bình
two_windows_receive_the_same_sun	self_understanding	selflo_original	biên_soạn	không	đã_kiểm_chứng_trong_mẫu_88	so_sánh	mở_rộng_góc_nhìn	giữ_hai_mặt	3	trung_bình
young_tree_tied_with_soft_cloth	self_understanding	selflo_original	biên_soạn	không	đã_kiểm_chứng_trong_mẫu_88	hồi_phục	chưa_xác_định	chấp_nhận_giới_hạn	3	thấp
attributed.confucius.book_i_ch01.learning	work_achievement	adapted_wisdom	phát_hành	không	đã_đánh_giá_trong_đợt_9	định_hướng_công_việc	sức_bền	hành_động	3	cao
attributed.confucius.book_vii_ch08.eager	work_achievement	adapted_wisdom	biên_soạn	không	đã_đánh_giá_trong_đợt_9	định_hướng_công_việc	trách_nhiệm	hành_động	4	cao
attributed.laozi.chapter_24.tiptoes	work_achievement	adapted_wisdom	phát_hành	không	đã_đánh_giá_trong_đợt_9	quá_tải	biết_đủ	chấp_nhận_giới_hạn	3	cao
attributed.ma.iv_31.love_your_art	work_achievement	adapted_wisdom	phát_hành	có	đã_quy_đổi_từ_mẫu_36	định_hướng_công_việc	làm_rõ_giá_trị	nhận_ra	1	cao
attributed.ma.v_01.proper_business	work_achievement	adapted_wisdom	biên_soạn	không	đã_đánh_giá_trong_đợt_9	định_hướng_công_việc	trách_nhiệm	làm_rõ_giá_trị	3	trung_bình
attributed.ma.vi_19.human_power	work_achievement	adapted_wisdom	biên_soạn	không	đã_kiểm_chứng_trong_mẫu_88	áp_lực_công_việc	sức_bền	hành_động	2	cao
attributed.ma.vi_26.duty_elements	work_achievement	adapted_wisdom	biên_soạn	không	đã_đánh_giá_trong_đợt_9	áp_lực_công_việc	điều_hòa_cảm_xúc	hành_động	4	cao
attributed.ma.vi_50.good_effort	work_achievement	adapted_wisdom	biên_soạn	không	đã_đánh_giá_trong_đợt_9	thất_bại	làm_rõ_giá_trị	đổi_khung_nhìn	4	cao
attributed.ma.vi_51.wise_work	work_achievement	adapted_wisdom	biên_soạn	không	đã_kiểm_chứng_trong_mẫu_88	áp_lực_công_việc	làm_rõ_giá_trị	đặt_lại_giả_định	3	cao
attributed.ma.viii_32.single_acts	work_achievement	adapted_wisdom	phát_hành	không	đã_quy_đổi_từ_mẫu_36	quá_tải	quyền_tự_chủ	hành_động	2	cao
attributed.paulo_coelho.the_alchemist.007	work_achievement	adapted_wisdom	biên_soạn	không	đã_kiểm_chứng_trong_mẫu_88	thất_bại	chịu_đựng_bất_định	đặt_lại_giả_định	3	trung_bình
attributed.paulo_coelho.the_alchemist.008	work_achievement	adapted_wisdom	biên_soạn	không	đã_kiểm_chứng_trong_mẫu_88	thay_đổi	chịu_đựng_bất_định	lựa_chọn	3	trung_bình
attributed.paulo_coelho.the_alchemist.014	work_achievement	adapted_wisdom	biên_soạn	không	đã_kiểm_chứng_trong_mẫu_88	tìm_ý_nghĩa	chưa_xác_định	đặt_lại_giả_định	1	thấp
attributed.paulo_coelho.the_alchemist.017	work_achievement	adapted_wisdom	biên_soạn	không	đã_đánh_giá_trong_đợt_9	định_hướng_công_việc	trách_nhiệm	chấp_nhận_giới_hạn	2	trung_bình
attributed.paulo_coelho.the_alchemist.034	work_achievement	adapted_wisdom	biên_soạn	không	đã_đánh_giá_trong_đợt_9	thất_bại	quyền_tự_chủ	đặt_lại_giả_định	2	thấp
attributed.paulo_coelho.the_alchemist.042	work_achievement	adapted_wisdom	biên_soạn	không	đã_đánh_giá_trong_đợt_9	định_hướng_công_việc	làm_rõ_giá_trị	đặt_lại_giả_định	1	thấp
attributed.paulo_coelho.the_alchemist.043	work_achievement	adapted_wisdom	biên_soạn	không	đã_kiểm_chứng_trong_mẫu_88	áp_lực_công_việc	làm_rõ_giá_trị	nhận_ra	2	trung_bình
attributed.paulo_coelho.the_alchemist.052	work_achievement	adapted_wisdom	biên_soạn	không	đã_đánh_giá_trong_đợt_9	định_hướng_công_việc	quyền_tự_chủ	đặt_lại_giả_định	1	thấp
attributed.paulo_coelho.the_alchemist.060	work_achievement	adapted_wisdom	biên_soạn	không	đã_kiểm_chứng_trong_mẫu_88	áp_lực_công_việc	sức_bền	hành_động	1	trung_bình
attributed.paulo_coelho.the_alchemist.061	work_achievement	adapted_wisdom	biên_soạn	không	đã_đánh_giá_trong_đợt_9	định_hướng_công_việc	phán_đoán_độc_lập	lựa_chọn	3	cao
attributed.paulo_coelho.the_alchemist.073	work_achievement	adapted_wisdom	biên_soạn	không	đã_kiểm_chứng_trong_mẫu_88	thất_bại	chịu_đựng_bất_định	đặt_lại_giả_định	2	trung_bình
attributed.paulo_coelho.the_alchemist.078	work_achievement	adapted_wisdom	biên_soạn	không	đã_đánh_giá_trong_đợt_9	định_hướng_công_việc	quyền_tự_chủ	hành_động	2	trung_bình
carpenter_measures_the_uneven_leg	work_achievement	selflo_original	biên_soạn	không	đã_đánh_giá_trong_đợt_9	áp_lực_công_việc	phán_đoán_độc_lập	lựa_chọn	3	cao
chair_is_repaired_for_someone	work_achievement	selflo_original	biên_soạn	không	đã_đánh_giá_trong_đợt_9	tìm_ý_nghĩa	kết_nối	làm_rõ_giá_trị	3	cao
cook_still_wants_to_taste_the_soup	work_achievement	selflo_original	biên_soạn	không	đã_đánh_giá_trong_đợt_9	cạn_năng_lượng	làm_rõ_giá_trị	nhận_ra	3	cao
do_not_throw_the_stone_into_the_next_persons_lake	work_achievement	selflo_original	biên_soạn	có	đã_đánh_giá_trong_đợt_9	mâu_thuẫn_quan_hệ	trách_nhiệm	phân_biệt_kiểm_soát	4	cao
door_opens_more_lightly_from_inside	work_achievement	selflo_original	biên_soạn	không	đã_đánh_giá_trong_đợt_9	định_hướng_công_việc	quyền_tự_chủ	lựa_chọn	3	cao
even_stitch_follows_many_undoings	work_achievement	selflo_original	biên_soạn	không	đã_đánh_giá_trong_đợt_9	thất_bại	sức_bền	đổi_khung_nhìn	3	cao
hands_know_who_the_work_is_for	work_achievement	selflo_original	biên_soạn	không	đã_đánh_giá_trong_đợt_9	tìm_ý_nghĩa	làm_rõ_giá_trị	làm_rõ_giá_trị	4	cao
knife_sharpens_at_the_same_angle	work_achievement	selflo_original	biên_soạn	không	đã_đánh_giá_trong_đợt_9	định_hướng_công_việc	sức_bền	hành_động	3	cao
mason_checks_the_string_each_row	work_achievement	selflo_original	biên_soạn	không	đã_đánh_giá_trong_đợt_9	áp_lực_công_việc	trách_nhiệm	hành_động	3	cao
musician_stays_with_one_lost_note	work_achievement	selflo_original	biên_soạn	có	đã_quy_đổi_từ_mẫu_36	định_hướng_công_việc	sức_bền	hành_động	2	cao
not_every_stone_is_yours_to_carry_home	work_achievement	selflo_original	biên_soạn	có	đã_đánh_giá_trong_đợt_9	áp_lực_công_việc	phán_đoán_độc_lập	phân_biệt_kiểm_soát	4	cao
price_tag_does_not_show_hours_traded	work_achievement	selflo_original	biên_soạn	không	đã_đánh_giá_trong_đợt_9	áp_lực_công_việc	làm_rõ_giá_trị	đổi_khung_nhìn	4	cao
quote.builder_and_shapeless_stones	work_achievement	adapted_wisdom	biên_soạn	có	đã_quy_đổi_từ_mẫu_36	áp_lực_công_việc	phán_đoán_độc_lập	đặt_lại_giả_định	3	trung_bình
quote.warehouse_path_between_boxes	work_achievement	adapted_wisdom	biên_soạn	có	đã_đánh_giá_trong_đợt_9	áp_lực_công_việc	sức_bền	chấp_nhận_giới_hạn	3	cao
small_daily_expense_reaches_month_end	work_achievement	selflo_original	biên_soạn	không	đã_đánh_giá_trong_đợt_9	áp_lực_công_việc	trách_nhiệm	nhận_ra	2	cao
timecard_cannot_measure_presence	work_achievement	selflo_original	biên_soạn	không	đã_kiểm_chứng_trong_mẫu_88	áp_lực_công_việc	sự_hiện_diện	đặt_lại_giả_định	4	cao
